iso_code,continent,location,date,population,total_cases,new_cases,new_cases_smoothed,total_deaths,new_deaths,new_deaths_smoothed,total_cases_per_million,new_cases_per_million,new_cases_smoothed_per_million,total_deaths_per_million,new_deaths_per_million,new_deaths_smoothed_per_million,reproduction_rate,icu_patients,icu_patients_per_million,hosp_patients,hosp_patients_per_million,weekly_icu_admissions,weekly_icu_admissions_per_million,weekly_hosp_admissions,weekly_hosp_admissions_per_million
AFG,Asia,Afghanistan,2020-02-24,41128772,,0,0,,0,0,,0,0,,0,0,,,,,,,,,
AFG,Asia,Afghanistan,2020-02-25,41128772,,0,0,,0,0,,0,0,,0,0,,,,,,,,,
AFG,Asia,Afghanistan,2020-02-26,41128772,1,1,0.143,,0,0,0.024,0.024,0.003,,0,0,,,,,,,,,
AFG,Asia,Afghanistan,2020-02-27,41128772,1,0,0.143,,0,0,0.024,0,0.003,,0,0,,,,,,,,,
AFG,Asia,Afghanistan,2020-02-28,41128772,1,0,0.143,,0,0,0.024,0,0.003,,0,0,,,,,,,,,
AFG,Asia,Afghanistan,2020-02-29,41128772,1,0,0.143,,0,0,0.024,0,0.003,,0,0,,,,,,,,,
AFG,Asia,Afghanistan,2020-03-01,41128772,1,0,0.143,,0,0,0.024,0,0.003,,0,0,,,,,,,,,
AFG,Asia,Afghanistan,2020-03-02,41128772,1,0,0.143,,0,0,0.024,0,0.003,,0,0,,,,,,,,,
AFG,Asia,Afghanistan,2020-03-03,41128772,1,0,0.143,,0,0,0.024,0,0.003,,0,0,,,,,,,,,
AFG,Asia,Afghanistan,2020-03-04,41128772,1,0,0,,0,0,0.024,0,0,,0,0,,,,,,,,,
AFG,Asia,Afghanistan,2020-03-05,41128772,1,0,0,,0,0,0.024,0,0,,0,0,,,,,,,,,
AFG,Asia,Afghanistan,2020-03-06,41128772,1,0,0,,0,0,0.024,0,0,,0,0,,,,,,,,,
AFG,Asia,Afghanistan,2020-03-07,41128772,1,0,0,,0,0,0.024,0,0,,0,0,,,,,,,,,
AFG,Asia,Afghanistan,2020-03-08,41128772,1,0,0,,0,0,0.024,0,0,,0,0,,,,,,,,,
AFG,Asia,Afghanistan,2020-03-09,41128772,4,3,0.429,,0,0,0.097,0.073,0.01,,0,0,,,,,,,,,
AFG,Asia,Afghanistan,2020-03-10,41128772,4,0,0.429,,0,0,0.097,0,0.01,,0,0,,,,,,,,,
AFG,Asia,Afghanistan,2020-03-11,41128772,4,0,0.429,,0,0,0.097,0,0.01,,0,0,,,,,,,,,
AFG,Asia,Afghanistan,2020-03-12,41128772,7,3,0.857,,0,0,0.17,0.073,0.021,,0,0,,,,,,,,,
AFG,Asia,Afghanistan,2020-03-13,41128772,7,0,0.857,,0,0,0.17,0,0.021,,0,0,,,,,,,,,
AFG,Asia,Afghanistan,2020-03-14,41128772,7,0,0.857,,0,0,0.17,0,0.021,,0,0,,,,,,,,,
AFG,Asia,Afghanistan,2020-03-15,41128772,7,0,0.857,,0,0,0.17,0,0.021,,0,0,,,,,,,,,
AFG,Asia,Afghanistan,2020-03-16,41128772,10,3,0.857,,0,0,0.243,0.073,0.021,,0,0,,,,,,,,,
AFG,Asia,Afghanistan,2020-03-17,41128772,16,6,1.714,,0,0,0.389,0.146,0.042,,0,0,,,,,,,,,
AFG,Asia,Afghanistan,2020-03-18,41128772,22,6,2.571,,0,0,0.535,0.146,0.063,,0,0,,,,,,,,,
AFG,Asia,Afghanistan,2020-03-19,41128772,22,0,2.143,,0,0,0.535,0,0.052,,0,0,,,,,,,,,
AFG,Asia,Afghanistan,2020-03-20,41128772,22,0,2.143,,0,0,0.535,0,0.052,,0,0,,,,,,,,,
AFG,Asia,Afghanistan,2020-03-21,41128772,22,0,2.143,,0,0,0.535,0,0.052,,0,0,,,,,,,,,
AFG,Asia,Afghanistan,2020-03-22,41128772,24,2,2.429,,0,0,0.584,0.049,0.059,,0,0,,,,,,,,,
AFG,Asia,Afghanistan,2020-03-23,41128772,24,0,2,,0,0,0.584,0,0.049,,0,0,,,,,,,,,
AFG,Asia,Afghanistan,2020-03-24,41128772,40,16,3.429,1,1,0.143,0.973,0.389,0.083,0.024,0.024,0.003,,,,,,,,,
AFG,Asia,Afghanistan,2020-03-25,41128772,42,2,2.857,1,0,0.143,1.021,0.049,0.069,0.024,0,0.003,,,,,,,,,
AFG,Asia,Afghanistan,2020-03-26,41128772,74,32,7.429,1,0,0.143,1.799,0.778,0.181,0.024,0,0.003,,,,,,,,,
AFG,Asia,Afghanistan,2020-03-27,41128772,74,0,7.429,1,0,0.143,1.799,0,0.181,0.024,0,0.003,,,,,,,,,
AFG,Asia,Afghanistan,2020-03-28,41128772,80,6,8.286,2,1,0.286,1.945,0.146,0.201,0.049,0.024,0.007,,,,,,,,,
AFG,Asia,Afghanistan,2020-03-29,41128772,91,11,9.571,2,0,0.286,2.213,0.267,0.233,0.049,0,0.007,1.51,,,,,,,,
AFG,Asia,Afghanistan,2020-03-30,41128772,106,15,11.714,3,1,0.429,2.577,0.365,0.285,0.073,0.024,0.01,1.51,,,,,,,,
AFG,Asia,Afghanistan,2020-03-31,41128772,114,8,10.571,4,1,0.429,2.772,0.195,0.257,0.097,0.024,0.01,1.52,,,,,,,,
AFG,Asia,Afghanistan,2020-04-01,41128772,166,52,17.714,4,0,0.429,4.036,1.264,0.431,0.097,0,0.01,1.51,,,,,,,,
AFG,Asia,Afghanistan,2020-04-02,41128772,192,26,16.857,4,0,0.429,4.668,0.632,0.41,0.097,0,0.01,1.51,,,,,,,,
AFG,Asia,Afghanistan,2020-04-03,41128772,194,2,17.143,4,0,0.429,4.717,0.049,0.417,0.097,0,0.01,1.5,,,,,,,,
AFG,Asia,Afghanistan,2020-04-04,41128772,254,60,24.857,5,1,0.429,6.176,1.459,0.604,0.122,0.024,0.01,1.49,,,,,,,,
AFG,Asia,Afghanistan,2020-04-05,41128772,274,20,26.143,5,0,0.429,6.662,0.486,0.636,0.122,0,0.01,1.49,,,,,,,,
AFG,Asia,Afghanistan,2020-04-06,41128772,299,25,27.571,7,2,0.571,7.27,0.608,0.67,0.17,0.049,0.014,1.49,,,,,,,,
AFG,Asia,Afghanistan,2020-04-07,41128772,337,38,31.857,7,0,0.429,8.194,0.924,0.775,0.17,0,0.01,1.49,,,,,,,,
AFG,Asia,Afghanistan,2020-04-08,41128772,367,30,28.714,11,4,1,8.923,0.729,0.698,0.267,0.097,0.024,1.48,,,,,,,,
AFG,Asia,Afghanistan,2020-04-09,41128772,423,56,33,14,3,1.429,10.285,1.362,0.802,0.34,0.073,0.035,1.48,,,,,,,,
AFG,Asia,Afghanistan,2020-04-10,41128772,444,21,35.714,15,1,1.571,10.795,0.511,0.868,0.365,0.024,0.038,1.48,,,,,,,,
AFG,Asia,Afghanistan,2020-04-11,41128772,484,40,32.857,15,0,1.429,11.768,0.973,0.799,0.365,0,0.035,1.48,,,,,,,,
AFG,Asia,Afghanistan,2020-04-12,41128772,521,37,35.286,15,0,1.429,12.668,0.9,0.858,0.365,0,0.035,1.48,,,,,,,,
AFG,Asia,Afghanistan,2020-04-13,41128772,555,34,36.571,18,3,1.571,13.494,0.827,0.889,0.438,0.073,0.038,1.48,,,,,,,,
AFG,Asia,Afghanistan,2020-04-14,41128772,607,52,38.571,19,1,1.714,14.759,1.264,0.938,0.462,0.024,0.042,1.48,,,,,,,,
AFG,Asia,Afghanistan,2020-04-15,41128772,665,58,42.571,22,3,1.571,16.169,1.41,1.035,0.535,0.073,0.038,1.48,,,,,,,,
AFG,Asia,Afghanistan,2020-04-16,41128772,721,56,42.571,25,3,1.571,17.53,1.362,1.035,0.608,0.073,0.038,1.48,,,,,,,,
AFG,Asia,Afghanistan,2020-04-17,41128772,794,73,50,29,4,2,19.305,1.775,1.216,0.705,0.097,0.049,1.47,,,,,,,,
AFG,Asia,Afghanistan,2020-04-18,41128772,845,51,51.571,30,1,2.143,20.545,1.24,1.254,0.729,0.024,0.052,1.48,,,,,,,,
AFG,Asia,Afghanistan,2020-04-19,41128772,908,63,55.286,30,0,2.143,22.077,1.532,1.344,0.729,0,0.052,1.48,,,,,,,,
AFG,Asia,Afghanistan,2020-04-20,41128772,933,25,54,30,0,1.714,22.685,0.608,1.313,0.729,0,0.042,1.48,,,,,,,,
AFG,Asia,Afghanistan,2020-04-21,41128772,996,63,55.571,33,3,2,24.217,1.532,1.351,0.802,0.073,0.049,1.49,,,,,,,,
AFG,Asia,Afghanistan,2020-04-22,41128772,1026,30,51.571,36,3,2,24.946,0.729,1.254,0.875,0.073,0.049,1.5,,,,,,,,
AFG,Asia,Afghanistan,2020-04-23,41128772,1092,66,53,36,0,1.571,26.551,1.605,1.289,0.875,0,0.038,1.51,,,,,,,,
AFG,Asia,Afghanistan,2020-04-24,41128772,1176,84,54.571,40,4,1.571,28.593,2.042,1.327,0.973,0.097,0.038,1.52,,,,,,,,
AFG,Asia,Afghanistan,2020-04-25,41128772,1226,50,54.429,40,0,1.429,29.809,1.216,1.323,0.973,0,0.035,1.54,,,,,,,,
AFG,Asia,Afghanistan,2020-04-26,41128772,1330,104,60.286,43,3,1.857,32.337,2.529,1.466,1.045,0.073,0.045,1.55,,,,,,,,
AFG,Asia,Afghanistan,2020-04-27,41128772,1463,133,75.714,49,6,2.714,35.571,3.234,1.841,1.191,0.146,0.066,1.55,,,,,,,,
AFG,Asia,Afghanistan,2020-04-28,41128772,1531,68,76.429,50,1,2.429,37.225,1.653,1.858,1.216,0.024,0.059,1.56,,,,,,,,
AFG,Asia,Afghanistan,2020-04-29,41128772,1703,172,96.714,60,10,3.429,41.407,4.182,2.351,1.459,0.243,0.083,1.56,,,,,,,,
AFG,Asia,Afghanistan,2020-04-30,41128772,1827,124,105,60,0,3.429,44.421,3.015,2.553,1.459,0,0.083,1.57,,,,,,,,
AFG,Asia,Afghanistan,2020-05-01,41128772,1937,110,108.714,60,0,2.857,47.096,2.675,2.643,1.459,0,0.069,1.59,,,,,,,,
AFG,Asia,Afghanistan,2020-05-02,41128772,2171,234,135,64,4,3.429,52.785,5.689,3.282,1.556,0.097,0.083,1.59,,,,,,,,
AFG,Asia,Afghanistan,2020-05-03,41128772,2171,0,120.143,64,0,3,52.785,0,2.921,1.556,0,0.073,1.58,,,,,,,,
AFG,Asia,Afghanistan,2020-05-04,41128772,2469,298,143.714,72,8,3.286,60.031,7.246,3.494,1.751,0.195,0.08,1.58,,,,,,,,
AFG,Asia,Afghanistan,2020-05-05,41128772,2469,0,134,72,0,3.143,60.031,0,3.258,1.751,0,0.076,1.59,,,,,,,,
AFG,Asia,Afghanistan,2020-05-06,41128772,2469,0,109.429,72,0,1.714,60.031,0,2.661,1.751,0,0.042,1.61,,,,,,,,
AFG,Asia,Afghanistan,2020-05-07,41128772,3224,755,199.571,95,23,5,78.388,18.357,4.852,2.31,0.559,0.122,1.59,,,,,,,,
AFG,Asia,Afghanistan,2020-05-08,41128772,3392,168,207.857,104,9,6.286,82.473,4.085,5.054,2.529,0.219,0.153,1.58,,,,,,,,
AFG,Asia,Afghanistan,2020-05-09,41128772,3563,171,198.857,105,1,5.857,86.63,4.158,4.835,2.553,0.024,0.142,1.57,,,,,,,,
AFG,Asia,Afghanistan,2020-05-10,41128772,3563,0,198.857,105,0,5.857,86.63,0,4.835,2.553,0,0.142,1.56,,,,,,,,
AFG,Asia,Afghanistan,2020-05-11,41128772,4041,478,224.571,115,10,6.143,98.252,11.622,5.46,2.796,0.243,0.149,1.54,,,,,,,,
AFG,Asia,Afghanistan,2020-05-12,41128772,4402,361,276.143,119,4,6.714,107.03,8.777,6.714,2.893,0.097,0.163,1.52,,,,,,,,
AFG,Asia,Afghanistan,2020-05-13,41128772,4664,262,313.571,121,2,7,113.4,6.37,7.624,2.942,0.049,0.17,1.5,,,,,,,,
AFG,Asia,Afghanistan,2020-05-14,41128772,4967,303,249,127,6,4.571,120.767,7.367,6.054,3.088,0.146,0.111,1.49,,,,,,,,
AFG,Asia,Afghanistan,2020-05-15,41128772,5226,259,262,132,5,4,127.064,6.297,6.37,3.209,0.122,0.097,1.47,,,,,,,,
AFG,Asia,Afghanistan,2020-05-16,41128772,5639,413,296.571,136,4,4.429,137.106,10.042,7.211,3.307,0.097,0.108,1.46,,,,,,,,
AFG,Asia,Afghanistan,2020-05-17,41128772,6053,414,355.714,153,17,6.857,147.172,10.066,8.649,3.72,0.413,0.167,1.44,,,,,,,,
AFG,Asia,Afghanistan,2020-05-18,41128772,6402,349,337.286,168,15,7.571,155.657,8.486,8.201,4.085,0.365,0.184,1.42,,,,,,,,
AFG,Asia,Afghanistan,2020-05-19,41128772,6664,262,323.143,169,1,7.143,162.028,6.37,7.857,4.109,0.024,0.174,1.41,,,,,,,,
AFG,Asia,Afghanistan,2020-05-20,41128772,7072,408,344,173,4,7.429,171.948,9.92,8.364,4.206,0.097,0.181,1.39,,,,,,,,
AFG,Asia,Afghanistan,2020-05-21,41128772,7653,581,383.714,177,4,7.143,186.074,14.126,9.33,4.304,0.097,0.174,1.38,,,,,,,,
AFG,Asia,Afghanistan,2020-05-22,41128772,8220,567,427.714,189,12,8.143,199.86,13.786,10.399,4.595,0.292,0.198,1.36,,,,,,,,
AFG,Asia,Afghanistan,2020-05-23,41128772,9130,910,498.714,201,12,9.286,221.986,22.126,12.126,4.887,0.292,0.226,1.35,,,,,,,,
AFG,Asia,Afghanistan,2020-05-24,41128772,9866,736,544.714,211,10,8.286,239.881,17.895,13.244,5.13,0.243,0.201,1.33,,,,,,,,
AFG,Asia,Afghanistan,2020-05-25,41128772,10582,716,597.143,218,7,7.143,257.289,17.409,14.519,5.3,0.17,0.174,1.31,,,,,,,,
AFG,Asia,Afghanistan,2020-05-26,41128772,11094,512,632.857,219,1,7.143,269.738,12.449,15.387,5.325,0.024,0.174,1.29,,,,,,,,
AFG,Asia,Afghanistan,2020-05-27,41128772,11831,737,679.857,220,1,6.714,287.658,17.919,16.53,5.349,0.024,0.163,1.27,,,,,,,,
AFG,Asia,Afghanistan,2020-05-28,41128772,12379,548,675.143,226,6,7,300.982,13.324,16.415,5.495,0.146,0.17,1.26,,,,,,,,
AFG,Asia,Afghanistan,2020-05-29,41128772,13016,637,685.143,235,9,6.571,316.469,15.488,16.658,5.714,0.219,0.16,1.24,,,,,,,,
AFG,Asia,Afghanistan,2020-05-30,41128772,13659,643,647,246,11,6.429,332.103,15.634,15.731,5.981,0.267,0.156,1.22,,,,,,,,
AFG,Asia,Afghanistan,2020-05-31,41128772,14443,784,653.857,248,2,5.286,351.165,19.062,15.898,6.03,0.049,0.129,1.21,,,,,,,,
AFG,Asia,Afghanistan,2020-06-01,41128772,15094,651,644.571,250,2,4.571,366.994,15.828,15.672,6.078,0.049,0.111,1.19,,,,,,,,
AFG,Asia,Afghanistan,2020-06-02,41128772,15750,656,665.143,265,15,6.571,382.944,15.95,16.172,6.443,0.365,0.16,1.17,,,,,,,,
AFG,Asia,Afghanistan,2020-06-03,41128772,16492,742,665.857,270,5,7.143,400.984,18.041,16.19,6.565,0.122,0.174,1.16,,,,,,,,
AFG,Asia,Afghanistan,2020-06-04,41128772,17267,775,698.286,294,24,9.714,419.828,18.843,16.978,7.148,0.584,0.236,1.14,,,,,,,,
AFG,Asia,Afghanistan,2020-06-05,41128772,17891,624,696.429,299,5,9.143,435,15.172,16.933,7.27,0.122,0.222,1.13,,,,,,,,
AFG,Asia,Afghanistan,2020-06-06,41128772,18969,1078,758.571,309,10,9,461.21,26.21,18.444,7.513,0.243,0.219,1.11,,,,,,,,
AFG,Asia,Afghanistan,2020-06-07,41128772,19551,582,729.714,327,18,11.286,475.361,14.151,17.742,7.951,0.438,0.274,1.09,,,,,,,,
AFG,Asia,Afghanistan,2020-06-08,41128772,20342,791,749.714,357,30,15.286,494.593,19.232,18.228,8.68,0.729,0.372,1.08,,,,,,,,
AFG,Asia,Afghanistan,2020-06-09,41128772,20917,575,738.143,369,12,14.857,508.573,13.98,17.947,8.972,0.292,0.361,1.06,,,,,,,,
AFG,Asia,Afghanistan,2020-06-10,41128772,21222,305,675.714,376,7,15.143,515.989,7.416,16.429,9.142,0.17,0.368,1.04,,,,,,,,
AFG,Asia,Afghanistan,2020-06-11,41128772,22142,920,696.429,405,29,15.857,538.358,22.369,16.933,9.847,0.705,0.386,1.03,,,,,,,,
AFG,Asia,Afghanistan,2020-06-12,41128772,22890,748,714.143,426,21,18.143,556.545,18.187,17.364,10.358,0.511,0.441,1.02,,,,,,,,
AFG,Asia,Afghanistan,2020-06-13,41128772,23546,656,653.857,446,20,19.571,572.495,15.95,15.898,10.844,0.486,0.476,1,,,,,,,,
AFG,Asia,Afghanistan,2020-06-14,41128772,24102,556,650.143,451,5,17.714,586.013,13.519,15.807,10.966,0.122,0.431,0.99,,,,,,,,
AFG,Asia,Afghanistan,2020-06-15,41128772,24766,664,632,471,20,16.286,602.158,16.144,15.366,11.452,0.486,0.396,0.97,,,,,,,,
AFG,Asia,Afghanistan,2020-06-16,41128772,25527,761,658.571,476,5,15.286,620.66,18.503,16.012,11.573,0.122,0.372,0.96,,,,,,,,
AFG,Asia,Afghanistan,2020-06-17,41128772,25633,106,630.143,484,8,15.429,623.238,2.577,15.321,11.768,0.195,0.375,0.95,,,,,,,,
AFG,Asia,Afghanistan,2020-06-18,41128772,26874,1241,676,504,20,14.143,653.411,30.174,16.436,12.254,0.486,0.344,0.93,,,,,,,,
AFG,Asia,Afghanistan,2020-06-19,41128772,27337,463,635.286,546,42,17.143,664.669,11.257,15.446,13.275,1.021,0.417,0.92,,,,,,,,
AFG,Asia,Afghanistan,2020-06-20,41128772,27878,541,618.857,548,2,14.571,677.822,13.154,15.047,13.324,0.049,0.354,0.9,,,,,,,,
AFG,Asia,Afghanistan,2020-06-21,41128772,28297,419,599.286,548,0,13.857,688.01,10.188,14.571,13.324,0,0.337,0.89,,,,,,,,
AFG,Asia,Afghanistan,2020-06-22,41128772,28833,536,581,581,33,15.714,701.042,13.032,14.126,14.126,0.802,0.382,0.88,,,,,,,,
AFG,Asia,Afghanistan,2020-06-23,41128772,29143,310,516.571,598,17,17.429,708.579,7.537,12.56,14.54,0.413,0.424,0.86,,,,,,,,
AFG,Asia,Afghanistan,2020-06-24,41128772,29481,338,549.714,618,20,19.143,716.797,8.218,13.366,15.026,0.486,0.465,0.85,,,,,,,,
AFG,Asia,Afghanistan,2020-06-25,41128772,29640,159,395.143,639,21,19.286,720.663,3.866,9.607,15.537,0.511,0.469,0.85,,,,,,,,
AFG,Asia,Afghanistan,2020-06-26,41128772,30175,535,405.429,675,36,18.429,733.671,13.008,9.858,16.412,0.875,0.448,0.84,,,,,,,,
AFG,Asia,Afghanistan,2020-06-27,41128772,30260,85,340.286,680,5,18.857,735.738,2.067,8.274,16.533,0.122,0.458,0.83,,,,,,,,
AFG,Asia,Afghanistan,2020-06-28,41128772,30616,356,331.286,703,23,22.143,744.394,8.656,8.055,17.093,0.559,0.538,0.83,,,,,,,,
AFG,Asia,Afghanistan,2020-06-29,41128772,30967,351,304.857,729,26,21.143,752.928,8.534,7.412,17.725,0.632,0.514,0.82,,,,,,,,
AFG,Asia,Afghanistan,2020-06-30,41128772,31238,271,299.286,733,4,19.286,759.517,6.589,7.277,17.822,0.097,0.469,0.82,,,,,,,,
AFG,Asia,Afghanistan,2020-07-01,41128772,31359,121,268.286,735,2,16.714,762.459,2.942,6.523,17.871,0.049,0.406,0.82,,,,,,,,
AFG,Asia,Afghanistan,2020-07-02,41128772,31762,403,303.143,774,39,19.286,772.257,9.798,7.371,18.819,0.948,0.469,0.81,,,,,,,,
AFG,Asia,Afghanistan,2020-07-03,41128772,32022,260,263.857,807,33,18.857,778.579,6.322,6.415,19.621,0.802,0.458,0.81,,,,,,,,
AFG,Asia,Afghanistan,2020-07-04,41128772,32324,302,294.857,819,12,19.857,785.922,7.343,7.169,19.913,0.292,0.483,0.81,,,,,,,,
AFG,Asia,Afghanistan,2020-07-05,41128772,32672,348,293.714,826,7,17.571,794.383,8.461,7.141,20.083,0.17,0.427,0.8,,,,,,,,
AFG,Asia,Afghanistan,2020-07-06,41128772,32951,279,283.429,864,38,19.286,801.167,6.784,6.891,21.007,0.924,0.469,0.8,,,,,,,,
AFG,Asia,Afghanistan,2020-07-07,41128772,33064,113,260.857,887,23,22,803.914,2.747,6.342,21.566,0.559,0.535,0.8,,,,,,,,
AFG,Asia,Afghanistan,2020-07-08,41128772,33384,320,289.286,920,33,26.429,811.695,7.78,7.034,22.369,0.802,0.643,0.79,,,,,,,,
AFG,Asia,Afghanistan,2020-07-09,41128772,33594,210,261.714,936,16,23.143,816.8,5.106,6.363,22.758,0.389,0.563,0.79,,,,,,,,
AFG,Asia,Afghanistan,2020-07-10,41128772,33653,59,233,937,1,18.571,818.235,1.435,5.665,22.782,0.024,0.452,0.79,,,,,,,,
AFG,Asia,Afghanistan,2020-07-11,41128772,34194,541,267.143,971,34,21.714,831.389,13.154,6.495,23.609,0.827,0.528,0.78,,,,,,,,
AFG,Asia,Afghanistan,2020-07-12,41128772,34351,157,239.857,975,4,21.286,835.206,3.817,5.832,23.706,0.097,0.518,0.78,,,,,,,,
AFG,Asia,Afghanistan,2020-07-13,41128772,34451,100,214.286,1010,35,20.857,837.637,2.431,5.21,24.557,0.851,0.507,0.77,,,,,,,,
AFG,Asia,Afghanistan,2020-07-14,41128772,34455,4,198.714,1012,2,17.857,837.735,0.097,4.832,24.606,0.049,0.434,0.77,,,,,,,,
AFG,Asia,Afghanistan,2020-07-15,41128772,34740,285,193.714,1045,33,17.857,844.664,6.929,4.71,25.408,0.802,0.434,0.77,,,,,,,,
AFG,Asia,Afghanistan,2020-07-16,41128772,34940,200,192.286,1094,49,22.571,849.527,4.863,4.675,26.599,1.191,0.549,0.76,,,,,,,,
AFG,Asia,Afghanistan,2020-07-17,41128772,35070,130,202.429,1113,19,25.143,852.688,3.161,4.922,27.061,0.462,0.611,0.76,,,,,,,,
AFG,Asia,Afghanistan,2020-07-18,41128772,35229,159,147.857,1147,34,25.143,856.554,3.866,3.595,27.888,0.827,0.611,0.76,,,,,,,,
AFG,Asia,Afghanistan,2020-07-19,41128772,35289,60,134,1147,0,24.571,858.012,1.459,3.258,27.888,0,0.597,0.76,,,,,,,,
AFG,Asia,Afghanistan,2020-07-20,41128772,35475,186,146.286,1181,34,24.429,862.535,4.522,3.557,28.715,0.827,0.594,0.76,,,,,,,,
AFG,Asia,Afghanistan,2020-07-21,41128772,35509,34,150.571,1183,2,24.429,863.362,0.827,3.661,28.763,0.049,0.594,0.76,,,,,,,,
AFG,Asia,Afghanistan,2020-07-22,41128772,35615,106,125,1184,1,19.857,865.939,2.577,3.039,28.788,0.024,0.483,0.76,,,,,,,,
AFG,Asia,Afghanistan,2020-07-23,41128772,35727,112,112.429,1190,6,13.714,868.662,2.723,2.734,28.934,0.146,0.333,0.77,,,,,,,,
AFG,Asia,Afghanistan,2020-07-24,41128772,35915,188,120.714,1211,21,14,873.233,4.571,2.935,29.444,0.511,0.34,0.77,,,,,,,,
AFG,Asia,Afghanistan,2020-07-25,41128772,35981,66,107.429,1225,14,11.143,874.838,1.605,2.612,29.785,0.34,0.271,0.77,,,,,,,,
AFG,Asia,Afghanistan,2020-07-26,41128772,36036,55,106.714,1246,21,14.143,876.175,1.337,2.595,30.295,0.511,0.344,0.77,,,,,,,,
AFG,Asia,Afghanistan,2020-07-27,41128772,36157,121,97.429,1259,13,11.143,879.117,2.942,2.369,30.611,0.316,0.271,0.77,,,,,,,,
AFG,Asia,Afghanistan,2020-07-28,41128772,36263,106,107.714,1269,10,12.286,881.694,2.577,2.619,30.854,0.243,0.299,0.78,,,,,,,,
AFG,Asia,Afghanistan,2020-07-29,41128772,36368,105,107.571,1270,1,12.286,884.247,2.553,2.615,30.879,0.024,0.299,0.78,,,,,,,,
AFG,Asia,Afghanistan,2020-07-30,41128772,36471,103,106.286,1271,1,11.571,886.751,2.504,2.584,30.903,0.024,0.281,0.78,,,,,,,,
AFG,Asia,Afghanistan,2020-07-31,41128772,36542,71,89.571,1271,0,8.571,888.478,1.726,2.178,30.903,0,0.208,0.78,,,,,,,,
AFG,Asia,Afghanistan,2020-08-01,41128772,36542,0,80.143,1271,0,6.571,888.478,0,1.949,30.903,0,0.16,0.79,,,,,,,,
AFG,Asia,Afghanistan,2020-08-02,41128772,36710,168,96.286,1283,12,5.286,892.563,4.085,2.341,31.195,0.292,0.129,0.79,,,,,,,,
AFG,Asia,Afghanistan,2020-08-03,41128772,36710,0,79,1283,0,3.429,892.563,0,1.921,31.195,0,0.083,0.8,,,,,,,,
AFG,Asia,Afghanistan,2020-08-04,41128772,36710,0,63.857,1283,0,2,892.563,0,1.553,31.195,0,0.049,0.81,,,,,,,,
AFG,Asia,Afghanistan,2020-08-05,41128772,36747,37,54.143,1288,5,2.571,893.462,0.9,1.316,31.316,0.122,0.063,0.82,,,,,,,,
AFG,Asia,Afghanistan,2020-08-06,41128772,36829,82,51.143,1294,6,3.286,895.456,1.994,1.243,31.462,0.146,0.08,0.83,,,,,,,,
AFG,Asia,Afghanistan,2020-08-07,41128772,36896,67,50.571,1298,4,3.857,897.085,1.629,1.23,31.559,0.097,0.094,0.84,,,,,,,,
AFG,Asia,Afghanistan,2020-08-08,41128772,36937,41,56.429,1298,0,3.857,898.082,0.997,1.372,31.559,0,0.094,0.85,,,,,,,,
AFG,Asia,Afghanistan,2020-08-09,41128772,37015,78,43.571,1307,9,3.429,899.978,1.896,1.059,31.778,0.219,0.083,0.86,,,,,,,,
AFG,Asia,Afghanistan,2020-08-10,41128772,37054,39,49.143,1312,5,4.143,900.926,0.948,1.195,31.9,0.122,0.101,0.87,,,,,,,,
AFG,Asia,Afghanistan,2020-08-11,41128772,37054,0,49.143,1312,0,4.143,900.926,0,1.195,31.9,0,0.101,0.89,,,,,,,,
AFG,Asia,Afghanistan,2020-08-12,41128772,37269,215,74.571,1344,32,8,906.154,5.227,1.813,32.678,0.778,0.195,0.88,,,,,,,,
AFG,Asia,Afghanistan,2020-08-13,41128772,37345,76,73.714,1354,10,8.571,908.002,1.848,1.792,32.921,0.243,0.208,0.88,,,,,,,,
AFG,Asia,Afghanistan,2020-08-14,41128772,37424,79,75.429,1363,9,9.286,909.923,1.921,1.834,33.14,0.219,0.226,0.88,,,,,,,,
AFG,Asia,Afghanistan,2020-08-15,41128772,37431,7,70.571,1363,0,9.286,910.093,0.17,1.716,33.14,0,0.226,0.88,,,,,,,,
AFG,Asia,Afghanistan,2020-08-16,41128772,37551,120,76.571,1370,7,9,913.01,2.918,1.862,33.31,0.17,0.219,0.88,,,,,,,,
AFG,Asia,Afghanistan,2020-08-17,41128772,37596,45,77.429,1375,5,9,914.105,1.094,1.883,33.432,0.122,0.219,0.88,,,,,,,,
AFG,Asia,Afghanistan,2020-08-18,41128772,37596,0,77.429,1375,0,9,914.105,0,1.883,33.432,0,0.219,0.88,,,,,,,,
AFG,Asia,Afghanistan,2020-08-19,41128772,37599,3,47.143,1375,0,4.429,914.178,0.073,1.146,33.432,0,0.108,0.89,,,,,,,,
AFG,Asia,Afghanistan,2020-08-20,41128772,37599,0,36.286,1375,0,3,914.178,0,0.882,33.432,0,0.073,0.91,,,,,,,,
AFG,Asia,Afghanistan,2020-08-21,41128772,37759,160,47.857,1383,8,2.857,918.068,3.89,1.164,33.626,0.195,0.069,0.91,,,,,,,,
AFG,Asia,Afghanistan,2020-08-22,41128772,37856,97,60.714,1385,2,3.143,920.426,2.358,1.476,33.675,0.049,0.076,0.9,,,,,,,,
AFG,Asia,Afghanistan,2020-08-23,41128772,37894,38,49,1385,0,2.143,921.35,0.924,1.191,33.675,0,0.052,0.9,,,,,,,,
AFG,Asia,Afghanistan,2020-08-24,41128772,37953,59,51,1385,0,1.429,922.785,1.435,1.24,33.675,0,0.035,0.89,,,,,,,,
AFG,Asia,Afghanistan,2020-08-25,41128772,37999,46,57.571,1387,2,1.714,923.903,1.118,1.4,33.723,0.049,0.042,0.89,,,,,,,,
AFG,Asia,Afghanistan,2020-08-26,41128772,38070,71,67.286,1397,10,3.143,925.629,1.726,1.636,33.966,0.243,0.076,0.89,,,,,,,,
AFG,Asia,Afghanistan,2020-08-27,41128772,38113,43,73.429,1401,4,3.714,926.675,1.045,1.785,34.064,0.097,0.09,0.88,,,,,,,,
AFG,Asia,Afghanistan,2020-08-28,41128772,38129,16,52.857,1401,0,2.571,927.064,0.389,1.285,34.064,0,0.063,0.88,,,,,,,,
AFG,Asia,Afghanistan,2020-08-29,41128772,38140,11,40.571,1402,1,2.429,927.331,0.267,0.986,34.088,0.024,0.059,0.89,,,,,,,,
AFG,Asia,Afghanistan,2020-08-30,41128772,38143,3,35.571,1402,0,2.429,927.404,0.073,0.865,34.088,0,0.059,0.89,,,,,,,,
AFG,Asia,Afghanistan,2020-08-31,41128772,38143,0,27.143,1402,0,2.429,927.404,0,0.66,34.088,0,0.059,0.91,,,,,,,,
AFG,Asia,Afghanistan,2020-09-01,41128772,38162,19,23.286,1402,0,2.143,927.866,0.462,0.566,34.088,0,0.052,0.92,,,,,,,,
AFG,Asia,Afghanistan,2020-09-02,41128772,38196,34,18,1406,4,1.286,928.693,0.827,0.438,34.185,0.097,0.031,0.94,,,,,,,,
AFG,Asia,Afghanistan,2020-09-03,41128772,38243,47,18.571,1409,3,1.143,929.836,1.143,0.452,34.258,0.073,0.028,0.95,,,,,,,,
AFG,Asia,Afghanistan,2020-09-04,41128772,38288,45,22.714,1409,0,1.143,930.93,1.094,0.552,34.258,0,0.028,0.97,,,,,,,,
AFG,Asia,Afghanistan,2020-09-05,41128772,38288,0,21.143,1409,0,1,930.93,0,0.514,34.258,0,0.024,0.98,,,,,,,,
AFG,Asia,Afghanistan,2020-09-06,41128772,38304,16,23,1409,0,1,931.319,0.389,0.559,34.258,0,0.024,1,,,,,,,,
AFG,Asia,Afghanistan,2020-09-07,41128772,38398,94,36.429,1412,3,1.429,933.604,2.286,0.886,34.331,0.073,0.035,1,,,,,,,,
AFG,Asia,Afghanistan,2020-09-08,41128772,38494,96,47.429,1415,3,1.857,935.938,2.334,1.153,34.404,0.073,0.045,1,,,,,,,,
AFG,Asia,Afghanistan,2020-09-09,41128772,38520,26,46.286,1418,3,1.714,936.571,0.632,1.125,34.477,0.073,0.042,1,,,,,,,,
AFG,Asia,Afghanistan,2020-09-10,41128772,38544,24,43,1420,2,1.571,937.154,0.584,1.045,34.526,0.049,0.038,1,,,,,,,,
AFG,Asia,Afghanistan,2020-09-11,41128772,38572,28,40.571,1420,0,1.571,937.835,0.681,0.986,34.526,0,0.038,1.01,,,,,,,,
AFG,Asia,Afghanistan,2020-09-12,41128772,38606,34,45.429,1420,0,1.571,938.662,0.827,1.105,34.526,0,0.038,1.01,,,,,,,,
AFG,Asia,Afghanistan,2020-09-13,41128772,38641,35,48.143,1420,0,1.571,939.513,0.851,1.171,34.526,0,0.038,1.02,,,,,,,,
AFG,Asia,Afghanistan,2020-09-14,41128772,38716,75,45.429,1420,0,1.143,941.336,1.824,1.105,34.526,0,0.028,1.02,,,,,,,,
AFG,Asia,Afghanistan,2020-09-15,41128772,38772,56,39.714,1425,5,1.429,942.698,1.362,0.966,34.647,0.122,0.035,1.01,,,,,,,,
AFG,Asia,Afghanistan,2020-09-16,41128772,38815,43,42.143,1426,1,1.143,943.743,1.045,1.025,34.672,0.024,0.028,1.01,,,,,,,,
AFG,Asia,Afghanistan,2020-09-17,41128772,38855,40,44.429,1436,10,2.286,944.716,0.973,1.08,34.915,0.243,0.056,1.01,,,,,,,,
AFG,Asia,Afghanistan,2020-09-18,41128772,38872,17,42.857,1436,0,2.286,945.129,0.413,1.042,34.915,0,0.056,1.02,,,,,,,,
AFG,Asia,Afghanistan,2020-09-19,41128772,38883,11,39.571,1437,1,2.429,945.397,0.267,0.962,34.939,0.024,0.059,1.02,,,,,,,,
AFG,Asia,Afghanistan,2020-09-20,41128772,38919,36,39.714,1437,0,2.429,946.272,0.875,0.966,34.939,0,0.059,1.03,,,,,,,,
AFG,Asia,Afghanistan,2020-09-21,41128772,39044,125,46.857,1441,4,3,949.311,3.039,1.139,35.036,0.097,0.073,1.02,,,,,,,,
AFG,Asia,Afghanistan,2020-09-22,41128772,39074,30,43.143,1444,3,2.714,950.041,0.729,1.049,35.109,0.073,0.066,1.02,,,,,,,,
AFG,Asia,Afghanistan,2020-09-23,41128772,39096,22,40.143,1445,1,2.714,950.575,0.535,0.976,35.134,0.024,0.066,1.01,,,,,,,,
AFG,Asia,Afghanistan,2020-09-24,41128772,39145,49,41.429,1446,1,1.429,951.767,1.191,1.007,35.158,0.024,0.035,1.01,,,,,,,,
AFG,Asia,Afghanistan,2020-09-25,41128772,39170,25,42.571,1451,5,2.143,952.375,0.608,1.035,35.279,0.122,0.052,1.01,,,,,,,,
AFG,Asia,Afghanistan,2020-09-26,41128772,39186,16,43.286,1451,0,2,952.764,0.389,1.052,35.279,0,0.049,1.02,,,,,,,,
AFG,Asia,Afghanistan,2020-09-27,41128772,39192,6,39,1453,2,2.286,952.91,0.146,0.948,35.328,0.049,0.056,1.02,,,,,,,,
AFG,Asia,Afghanistan,2020-09-28,41128772,39227,35,26.143,1453,0,1.714,953.761,0.851,0.636,35.328,0,0.042,1.03,,,,,,,,
AFG,Asia,Afghanistan,2020-09-29,41128772,39239,12,23.571,1456,3,1.714,954.052,0.292,0.573,35.401,0.073,0.042,1.04,,,,,,,,
AFG,Asia,Afghanistan,2020-09-30,41128772,39254,15,22.571,1458,2,1.857,954.417,0.365,0.549,35.45,0.049,0.045,1.06,,,,,,,,
AFG,Asia,Afghanistan,2020-10-01,41128772,39268,14,17.571,1458,0,1.714,954.757,0.34,0.427,35.45,0,0.042,1.08,,,,,,,,
AFG,Asia,Afghanistan,2020-10-02,41128772,39285,17,16.429,1458,0,1,955.171,0.413,0.399,35.45,0,0.024,1.1,,,,,,,,
AFG,Asia,Afghanistan,2020-10-03,41128772,39290,5,14.857,1458,0,1,955.292,0.122,0.361,35.45,0,0.024,1.12,,,,,,,,
AFG,Asia,Afghanistan,2020-10-04,41128772,39297,7,15,1462,4,1.286,955.463,0.17,0.365,35.547,0.097,0.031,1.15,,,,,,,,
AFG,Asia,Afghanistan,2020-10-05,41128772,39341,44,16.286,1462,0,1.286,956.532,1.07,0.396,35.547,0,0.031,1.18,,,,,,,,
AFG,Asia,Afghanistan,2020-10-06,41128772,39422,81,26.143,1466,4,1.429,958.502,1.969,0.636,35.644,0.097,0.035,1.19,,,,,,,,
AFG,Asia,Afghanistan,2020-10-07,41128772,39486,64,33.143,1467,1,1.286,960.058,1.556,0.806,35.668,0.024,0.031,1.2,,,,,,,,
AFG,Asia,Afghanistan,2020-10-08,41128772,39548,62,40,1469,2,1.571,961.565,1.507,0.973,35.717,0.049,0.038,1.2,,,,,,,,
AFG,Asia,Afghanistan,2020-10-09,41128772,39616,68,47.286,1470,1,1.714,963.219,1.653,1.15,35.741,0.024,0.042,1.2,,,,,,,,
AFG,Asia,Afghanistan,2020-10-10,41128772,39693,77,57.571,1472,2,2,965.091,1.872,1.4,35.79,0.049,0.049,1.2,,,,,,,,
AFG,Asia,Afghanistan,2020-10-11,41128772,39703,10,58,1473,1,1.571,965.334,0.243,1.41,35.814,0.024,0.038,1.2,,,,,,,,
AFG,Asia,Afghanistan,2020-10-12,41128772,39799,96,65.429,1477,4,2.143,967.668,2.334,1.591,35.912,0.097,0.052,1.2,,,,,,,,
AFG,Asia,Afghanistan,2020-10-13,41128772,39870,71,64,1479,2,1.857,969.394,1.726,1.556,35.96,0.049,0.045,1.19,,,,,,,,
AFG,Asia,Afghanistan,2020-10-14,41128772,39928,58,63.143,1480,1,1.857,970.805,1.41,1.535,35.985,0.024,0.045,1.19,,,,,,,,
AFG,Asia,Afghanistan,2020-10-15,41128772,39994,66,63.714,1481,1,1.714,972.409,1.605,1.549,36.009,0.024,0.042,1.19,,,,,,,,
AFG,Asia,Afghanistan,2020-10-16,41128772,40026,32,58.571,1481,0,1.571,973.187,0.778,1.424,36.009,0,0.038,1.19,,,,,,,,
AFG,Asia,Afghanistan,2020-10-17,41128772,40073,47,54.286,1485,4,1.857,974.33,1.143,1.32,36.106,0.097,0.045,1.19,,,,,,,,
AFG,Asia,Afghanistan,2020-10-18,41128772,40141,68,62.571,1488,3,2.143,975.983,1.653,1.521,36.179,0.073,0.052,1.19,,,,,,,,
AFG,Asia,Afghanistan,2020-10-19,41128772,40200,59,57.286,1492,4,2.143,977.418,1.435,1.393,36.276,0.097,0.052,1.19,,,,,,,,
AFG,Asia,Afghanistan,2020-10-20,41128772,40287,87,59.571,1497,5,2.571,979.533,2.115,1.448,36.398,0.122,0.063,1.19,,,,,,,,
AFG,Asia,Afghanistan,2020-10-21,41128772,40375,88,63.857,1499,2,2.714,981.673,2.14,1.553,36.447,0.049,0.066,1.19,,,,,,,,
AFG,Asia,Afghanistan,2020-10-22,41128772,40510,135,73.714,1501,2,2.857,984.955,3.282,1.792,36.495,0.049,0.069,1.19,,,,,,,,
AFG,Asia,Afghanistan,2020-10-23,41128772,40626,116,85.714,1505,4,3.429,987.776,2.82,2.084,36.592,0.097,0.083,1.2,,,,,,,,
AFG,Asia,Afghanistan,2020-10-24,41128772,40687,61,87.714,1507,2,3.143,989.259,1.483,2.133,36.641,0.049,0.076,1.2,,,,,,,,
AFG,Asia,Afghanistan,2020-10-25,41128772,40768,81,89.571,1511,4,3.286,991.228,1.969,2.178,36.738,0.097,0.08,1.2,,,,,,,,
AFG,Asia,Afghanistan,2020-10-26,41128772,40833,65,90.429,1514,3,3.143,992.809,1.58,2.199,36.811,0.073,0.076,1.2,,,,,,,,
AFG,Asia,Afghanistan,2020-10-27,41128772,40937,104,92.857,1518,4,3,995.337,2.529,2.258,36.908,0.097,0.073,1.21,,,,,,,,
AFG,Asia,Afghanistan,2020-10-28,41128772,41032,95,93.857,1523,5,3.429,997.647,2.31,2.282,37.03,0.122,0.083,1.21,,,,,,,,
AFG,Asia,Afghanistan,2020-10-29,41128772,41145,113,90.714,1529,6,4,1000.395,2.747,2.206,37.176,0.146,0.097,1.21,,,,,,,,
AFG,Asia,Afghanistan,2020-10-30,41128772,41268,123,91.714,1532,3,3.857,1003.385,2.991,2.23,37.249,0.073,0.094,1.2,,,,,,,,
AFG,Asia,Afghanistan,2020-10-31,41128772,41334,66,92.429,1533,1,3.714,1004.99,1.605,2.247,37.273,0.024,0.09,1.2,,,,,,,,
AFG,Asia,Afghanistan,2020-11-01,41128772,41425,91,93.857,1536,3,3.571,1007.202,2.213,2.282,37.346,0.073,0.087,1.2,,,,,,,,
AFG,Asia,Afghanistan,2020-11-02,41128772,41501,76,95.429,1536,0,3.143,1009.05,1.848,2.32,37.346,0,0.076,1.2,,,,,,,,
AFG,Asia,Afghanistan,2020-11-03,41128772,41633,132,99.429,1541,5,3.286,1012.26,3.209,2.417,37.468,0.122,0.08,1.2,,,,,,,,
AFG,Asia,Afghanistan,2020-11-04,41128772,41728,95,99.429,1544,3,3,1014.57,2.31,2.417,37.541,0.073,0.073,1.2,,,,,,,,
AFG,Asia,Afghanistan,2020-11-05,41128772,41814,86,95.571,1548,4,2.714,1016.661,2.091,2.324,37.638,0.097,0.066,1.2,,,,,,,,
AFG,Asia,Afghanistan,2020-11-06,41128772,41935,121,95.286,1554,6,3.143,1019.603,2.942,2.317,37.784,0.146,0.076,1.2,,,,,,,,
AFG,Asia,Afghanistan,2020-11-07,41128772,41975,40,91.571,1554,0,3,1020.575,0.973,2.226,37.784,0,0.073,1.2,,,,,,,,
AFG,Asia,Afghanistan,2020-11-08,41128772,42033,58,86.857,1556,2,2.857,1021.985,1.41,2.112,37.832,0.049,0.069,1.2,,,,,,,,
AFG,Asia,Afghanistan,2020-11-09,41128772,42159,126,94,1562,6,3.714,1025.049,3.064,2.286,37.978,0.146,0.09,1.21,,,,,,,,
AFG,Asia,Afghanistan,2020-11-10,41128772,42297,138,94.857,1574,12,4.714,1028.404,3.355,2.306,38.27,0.292,0.115,1.21,,,,,,,,
AFG,Asia,Afghanistan,2020-11-11,41128772,42463,166,105,1577,3,4.714,1032.44,4.036,2.553,38.343,0.073,0.115,1.22,,,,,,,,
AFG,Asia,Afghanistan,2020-11-12,41128772,42609,146,113.571,1581,4,4.714,1035.99,3.55,2.761,38.44,0.097,0.115,1.22,,,,,,,,
AFG,Asia,Afghanistan,2020-11-13,41128772,42795,186,122.857,1591,10,5.286,1040.512,4.522,2.987,38.683,0.243,0.129,1.22,,,,,,,,
AFG,Asia,Afghanistan,2020-11-14,41128772,42969,174,142,1595,4,5.857,1044.743,4.231,3.453,38.781,0.097,0.142,1.22,,,,,,,,
AFG,Asia,Afghanistan,2020-11-15,41128772,43035,66,143.143,1605,10,7,1046.348,1.605,3.48,39.024,0.243,0.17,1.21,,,,,,,,
AFG,Asia,Afghanistan,2020-11-16,41128772,43240,205,154.429,1617,12,7.857,1051.332,4.984,3.755,39.316,0.292,0.191,1.21,,,,,,,,
AFG,Asia,Afghanistan,2020-11-17,41128772,43403,163,158,1626,9,7.429,1055.295,3.963,3.842,39.534,0.219,0.181,1.21,,,,,,,,
AFG,Asia,Afghanistan,2020-11-18,41128772,43628,225,166.429,1638,12,8.714,1060.766,5.471,4.047,39.826,0.292,0.212,1.21,,,,,,,,
AFG,Asia,Afghanistan,2020-11-19,41128772,43851,223,177.429,1645,7,9.143,1066.188,5.422,4.314,39.996,0.17,0.222,1.2,,,,,,,,
AFG,Asia,Afghanistan,2020-11-20,41128772,44228,377,204.714,1650,5,8.429,1075.354,9.166,4.977,40.118,0.122,0.205,1.2,,,,,,,,
AFG,Asia,Afghanistan,2020-11-21,41128772,44443,215,210.571,1661,11,9.429,1080.582,5.227,5.12,40.385,0.267,0.229,1.19,,,,,,,,
AFG,Asia,Afghanistan,2020-11-22,41128772,44503,60,209.714,1675,14,10,1082.041,1.459,5.099,40.726,0.34,0.243,1.17,,,,,,,,
AFG,Asia,Afghanistan,2020-11-23,41128772,44706,203,209.429,1687,12,10,1086.976,4.936,5.092,41.018,0.292,0.243,1.16,,,,,,,,
AFG,Asia,Afghanistan,2020-11-24,41128772,44988,282,226.429,1695,8,9.857,1093.833,6.857,5.505,41.212,0.195,0.24,1.16,,,,,,,,
AFG,Asia,Afghanistan,2020-11-25,41128772,45278,290,235.714,1712,17,10.571,1100.884,7.051,5.731,41.625,0.413,0.257,1.15,,,,,,,,
AFG,Asia,Afghanistan,2020-11-26,41128772,45490,212,234.143,1725,13,11.429,1106.038,5.155,5.693,41.941,0.316,0.278,1.13,,,,,,,,
AFG,Asia,Afghanistan,2020-11-27,41128772,45716,226,212.571,1737,12,12.429,1111.533,5.495,5.168,42.233,0.292,0.302,1.12,,,,,,,,
AFG,Asia,Afghanistan,2020-11-28,41128772,45839,123,199.429,1740,3,11.286,1114.524,2.991,4.849,42.306,0.073,0.274,1.11,,,,,,,,
AFG,Asia,Afghanistan,2020-11-29,41128772,45966,127,209,1752,12,11,1117.612,3.088,5.082,42.598,0.292,0.267,1.11,,,,,,,,
AFG,Asia,Afghanistan,2020-11-30,41128772,46215,249,215.571,1763,11,10.857,1123.666,6.054,5.241,42.865,0.267,0.264,1.1,,,,,,,,
AFG,Asia,Afghanistan,2020-12-01,41128772,46498,283,215.714,1774,11,11.286,1130.547,6.881,5.245,43.133,0.267,0.274,1.09,,,,,,,,
AFG,Asia,Afghanistan,2020-12-02,41128772,46717,219,205.571,1795,21,11.857,1135.872,5.325,4.998,43.643,0.511,0.288,1.08,,,,,,,,
AFG,Asia,Afghanistan,2020-12-03,41128772,46980,263,212.857,1822,27,13.857,1142.266,6.395,5.175,44.3,0.656,0.337,1.08,,,,,,,,
AFG,Asia,Afghanistan,2020-12-04,41128772,47258,278,220.286,1841,19,14.857,1149.025,6.759,5.356,44.762,0.462,0.361,1.07,,,,,,,,
AFG,Asia,Afghanistan,2020-12-05,41128772,47388,130,221.286,1847,6,15.286,1152.186,3.161,5.38,44.908,0.146,0.372,1.06,,,,,,,,
AFG,Asia,Afghanistan,2020-12-06,41128772,47641,253,239.286,1865,18,16.143,1158.338,6.151,5.818,45.345,0.438,0.392,1.05,,,,,,,,
AFG,Asia,Afghanistan,2020-12-07,41128772,47901,260,240.857,1875,10,16,1164.659,6.322,5.856,45.589,0.243,0.389,1.04,,,,,,,,
AFG,Asia,Afghanistan,2020-12-08,41128772,48136,235,234,1902,27,18.286,1170.373,5.714,5.689,46.245,0.656,0.445,1.03,,,,,,,,
AFG,Asia,Afghanistan,2020-12-09,41128772,48366,230,235.571,1908,6,16.143,1175.965,5.592,5.728,46.391,0.146,0.392,1.02,,,,,,,,
AFG,Asia,Afghanistan,2020-12-10,41128772,48540,174,222.857,1921,13,14.143,1180.196,4.231,5.419,46.707,0.316,0.344,1.01,,,,,,,,
AFG,Asia,Afghanistan,2020-12-11,41128772,48753,213,213.571,1939,18,14,1185.375,5.179,5.193,47.145,0.438,0.34,1,,,,,,,,
AFG,Asia,Afghanistan,2020-12-12,41128772,48826,73,205.429,1949,10,14.571,1187.149,1.775,4.995,47.388,0.243,0.354,1,,,,,,,,
AFG,Asia,Afghanistan,2020-12-13,41128772,48952,126,187.286,1960,11,13.571,1190.213,3.064,4.554,47.655,0.267,0.33,0.99,,,,,,,,
AFG,Asia,Afghanistan,2020-12-14,41128772,49273,321,196,1971,11,13.714,1198.018,7.805,4.766,47.923,0.267,0.333,0.99,,,,,,,,
AFG,Asia,Afghanistan,2020-12-15,41128772,49484,211,192.571,1975,4,10.429,1203.148,5.13,4.682,48.02,0.097,0.254,0.98,,,,,,,,
AFG,Asia,Afghanistan,2020-12-16,41128772,49703,219,191,2001,26,13.286,1208.473,5.325,4.644,48.652,0.632,0.323,0.98,,,,,,,,
AFG,Asia,Afghanistan,2020-12-17,41128772,49927,224,198.143,2017,16,13.714,1213.919,5.446,4.818,49.041,0.389,0.333,0.97,,,,,,,,
AFG,Asia,Afghanistan,2020-12-18,41128772,50202,275,207,2032,15,13.286,1220.605,6.686,5.033,49.406,0.365,0.323,0.96,,,,,,,,
AFG,Asia,Afghanistan,2020-12-19,41128772,50456,254,232.857,2037,5,12.571,1226.781,6.176,5.662,49.527,0.122,0.306,0.96,,,,,,,,
AFG,Asia,Afghanistan,2020-12-20,41128772,50536,80,226.286,2054,17,13.429,1228.726,1.945,5.502,49.941,0.413,0.327,0.95,,,,,,,,
AFG,Asia,Afghanistan,2020-12-21,41128772,50678,142,200.714,2074,20,14.714,1232.179,3.453,4.88,50.427,0.486,0.358,0.94,,,,,,,,
AFG,Asia,Afghanistan,2020-12-22,41128772,50888,210,200.571,2089,15,16.286,1237.285,5.106,4.877,50.792,0.365,0.396,0.93,,,,,,,,
AFG,Asia,Afghanistan,2020-12-23,41128772,51070,182,195.286,2105,16,14.857,1241.71,4.425,4.748,51.181,0.389,0.361,0.93,,,,,,,,
AFG,Asia,Afghanistan,2020-12-24,41128772,51357,287,204.286,2126,21,15.571,1248.688,6.978,4.967,51.691,0.511,0.379,0.92,,,,,,,,
AFG,Asia,Afghanistan,2020-12-25,41128772,51595,238,199,2135,9,14.714,1254.475,5.787,4.838,51.91,0.219,0.358,0.91,,,,,,,,
AFG,Asia,Afghanistan,2020-12-26,41128772,51764,169,186.857,2148,13,15.857,1258.584,4.109,4.543,52.226,0.316,0.386,0.9,,,,,,,,
AFG,Asia,Afghanistan,2020-12-27,41128772,51848,84,187.429,2158,10,14.857,1260.626,2.042,4.557,52.469,0.243,0.361,0.89,,,,,,,,
AFG,Asia,Afghanistan,2020-12-28,41128772,52007,159,189.857,2170,12,13.714,1264.492,3.866,4.616,52.761,0.292,0.333,0.88,,,,,,,,
AFG,Asia,Afghanistan,2020-12-29,41128772,52147,140,179.857,2182,12,13.286,1267.896,3.404,4.373,53.053,0.292,0.323,0.87,,,,,,,,
AFG,Asia,Afghanistan,2020-12-30,41128772,52330,183,180,2189,7,12,1272.345,4.449,4.376,53.223,0.17,0.292,0.87,,,,,,,,
AFG,Asia,Afghanistan,2020-12-31,41128772,52330,0,139,2189,0,9,1272.345,0,3.38,53.223,0,0.219,0.86,,,,,,,,
AFG,Asia,Afghanistan,2021-01-01,41128772,52513,183,131.143,2201,12,9.429,1276.795,4.449,3.189,53.515,0.292,0.229,0.86,,,,,,,,
AFG,Asia,Afghanistan,2021-01-02,41128772,52586,73,117.429,2211,10,9,1278.57,1.775,2.855,53.758,0.243,0.219,0.85,,,,,,,,
AFG,Asia,Afghanistan,2021-01-03,41128772,52709,123,123,2221,10,9,1281.56,2.991,2.991,54.001,0.243,0.219,0.85,,,,,,,,
AFG,Asia,Afghanistan,2021-01-04,41128772,52909,200,128.857,2230,9,8.571,1286.423,4.863,3.133,54.22,0.219,0.208,0.85,,,,,,,,
AFG,Asia,Afghanistan,2021-01-05,41128772,53011,102,123.429,2237,7,7.857,1288.903,2.48,3.001,54.39,0.17,0.191,0.84,,,,,,,,
AFG,Asia,Afghanistan,2021-01-06,41128772,53105,94,110.714,2244,7,7.857,1291.189,2.286,2.692,54.56,0.17,0.191,0.84,,,,,,,,
AFG,Asia,Afghanistan,2021-01-07,41128772,53207,102,125.286,2253,9,9.143,1293.669,2.48,3.046,54.779,0.219,0.222,0.83,,,,,,,,
AFG,Asia,Afghanistan,2021-01-08,41128772,53332,125,117,2257,4,8,1296.708,3.039,2.845,54.876,0.097,0.195,0.83,,,,,,,,
AFG,Asia,Afghanistan,2021-01-09,41128772,53400,68,116.286,2264,7,7.571,1298.361,1.653,2.827,55.047,0.17,0.184,0.83,,,,,,,,
AFG,Asia,Afghanistan,2021-01-10,41128772,53489,89,111.429,2277,13,8,1300.525,2.164,2.709,55.363,0.316,0.195,0.82,,,,,,,,
AFG,Asia,Afghanistan,2021-01-11,41128772,53538,49,89.857,2288,11,8.286,1301.716,1.191,2.185,55.63,0.267,0.201,0.82,,,,,,,,
AFG,Asia,Afghanistan,2021-01-12,41128772,53584,46,81.857,2301,13,9.143,1302.835,1.118,1.99,55.946,0.316,0.222,0.82,,,,,,,,
AFG,Asia,Afghanistan,2021-01-13,41128772,53690,106,83.571,2308,7,9.143,1305.412,2.577,2.032,56.116,0.17,0.222,0.82,,,,,,,,
AFG,Asia,Afghanistan,2021-01-14,41128772,53775,85,81.143,2314,6,8.714,1307.479,2.067,1.973,56.262,0.146,0.212,0.82,,,,,,,,
AFG,Asia,Afghanistan,2021-01-15,41128772,53831,56,71.286,2324,10,9.571,1308.84,1.362,1.733,56.505,0.243,0.233,0.82,,,,,,,,
AFG,Asia,Afghanistan,2021-01-16,41128772,53938,107,76.857,2336,12,10.286,1311.442,2.602,1.869,56.797,0.292,0.25,0.83,,,,,,,,
AFG,Asia,Afghanistan,2021-01-17,41128772,53984,46,70.714,2339,3,8.857,1312.56,1.118,1.719,56.87,0.073,0.215,0.83,,,,,,,,
AFG,Asia,Afghanistan,2021-01-18,41128772,54062,78,74.857,2343,4,7.857,1314.457,1.896,1.82,56.967,0.097,0.191,0.83,,,,,,,,
AFG,Asia,Afghanistan,2021-01-19,41128772,54141,79,79.571,2346,3,6.429,1316.378,1.921,1.935,57.04,0.073,0.156,0.83,,,,,,,,
AFG,Asia,Afghanistan,2021-01-20,41128772,54278,137,84,2354,8,6.571,1319.709,3.331,2.042,57.235,0.195,0.16,0.83,,,,,,,,
AFG,Asia,Afghanistan,2021-01-21,41128772,54403,125,89.714,2363,9,7,1322.748,3.039,2.181,57.454,0.219,0.17,0.83,,,,,,,,
AFG,Asia,Afghanistan,2021-01-22,41128772,54483,80,93.143,2370,7,6.571,1324.693,1.945,2.265,57.624,0.17,0.16,0.82,,,,,,,,
AFG,Asia,Afghanistan,2021-01-23,41128772,54559,76,88.714,2373,3,5.286,1326.541,1.848,2.157,57.697,0.073,0.129,0.82,,,,,,,,
AFG,Asia,Afghanistan,2021-01-24,41128772,54595,36,87.286,2378,5,5.571,1327.416,0.875,2.122,57.818,0.122,0.135,0.82,,,,,,,,
AFG,Asia,Afghanistan,2021-01-25,41128772,54672,77,87.143,2385,7,6,1329.288,1.872,2.119,57.989,0.17,0.146,0.81,,,,,,,,
AFG,Asia,Afghanistan,2021-01-26,41128772,54750,78,87,2389,4,6.143,1331.185,1.896,2.115,58.086,0.097,0.149,0.8,,,,,,,,
AFG,Asia,Afghanistan,2021-01-27,41128772,54854,104,82.286,2389,0,5,1333.714,2.529,2.001,58.086,0,0.122,0.8,,,,,,,,
AFG,Asia,Afghanistan,2021-01-28,41128772,54891,37,69.714,2397,8,4.857,1334.613,0.9,1.695,58.28,0.195,0.118,0.79,,,,,,,,
AFG,Asia,Afghanistan,2021-01-29,41128772,54939,48,65.143,2399,2,4.143,1335.78,1.167,1.584,58.329,0.049,0.101,0.79,,,,,,,,
AFG,Asia,Afghanistan,2021-01-30,41128772,55008,69,64.143,2400,1,3.857,1337.458,1.678,1.56,58.353,0.024,0.094,0.78,,,,,,,,
AFG,Asia,Afghanistan,2021-01-31,41128772,55023,15,61.143,2400,0,3.143,1337.823,0.365,1.487,58.353,0,0.076,0.78,,,,,,,,
AFG,Asia,Afghanistan,2021-02-01,41128772,55059,36,55.286,2404,4,2.714,1338.698,0.875,1.344,58.451,0.097,0.066,0.77,,,,,,,,
AFG,Asia,Afghanistan,2021-02-02,41128772,55121,62,53,2405,1,2.286,1340.205,1.507,1.289,58.475,0.024,0.056,0.77,,,,,,,,
AFG,Asia,Afghanistan,2021-02-03,41128772,55174,53,45.714,2406,1,2.429,1341.494,1.289,1.111,58.499,0.024,0.059,0.77,,,,,,,,
AFG,Asia,Afghanistan,2021-02-04,41128772,55231,57,48.571,2407,1,1.429,1342.88,1.386,1.181,58.524,0.024,0.035,0.77,,,,,,,,
AFG,Asia,Afghanistan,2021-02-05,41128772,55265,34,46.571,2407,0,1.143,1343.707,0.827,1.132,58.524,0,0.028,0.76,,,,,,,,
AFG,Asia,Afghanistan,2021-02-06,41128772,55330,65,46,2408,1,1.143,1345.287,1.58,1.118,58.548,0.024,0.028,0.76,,,,,,,,
AFG,Asia,Afghanistan,2021-02-07,41128772,55335,5,44.571,2410,2,1.429,1345.409,0.122,1.084,58.596,0.049,0.035,0.76,,,,,,,,
AFG,Asia,Afghanistan,2021-02-08,41128772,55359,24,42.857,2413,3,1.286,1345.992,0.584,1.042,58.669,0.073,0.031,0.76,,,,,,,,
AFG,Asia,Afghanistan,2021-02-09,41128772,55384,25,37.571,2414,1,1.286,1346.6,0.608,0.914,58.694,0.024,0.031,0.75,,,,,,,,
AFG,Asia,Afghanistan,2021-02-10,41128772,55402,18,32.571,2418,4,1.714,1347.038,0.438,0.792,58.791,0.097,0.042,0.75,,,,,,,,
AFG,Asia,Afghanistan,2021-02-11,41128772,55420,18,27,2419,1,1.714,1347.475,0.438,0.656,58.815,0.024,0.042,0.76,,,,,,,,
AFG,Asia,Afghanistan,2021-02-12,41128772,55445,25,25.714,2424,5,2.429,1348.083,0.608,0.625,58.937,0.122,0.059,0.76,,,,,,,,
AFG,Asia,Afghanistan,2021-02-13,41128772,55473,28,20.429,2427,3,2.714,1348.764,0.681,0.497,59.01,0.073,0.066,0.77,,,,,,,,
AFG,Asia,Afghanistan,2021-02-14,41128772,55492,19,22.429,2427,0,2.429,1349.226,0.462,0.545,59.01,0,0.059,0.77,,,,,,,,
AFG,Asia,Afghanistan,2021-02-15,41128772,55514,22,22.143,2427,0,2,1349.761,0.535,0.538,59.01,0,0.049,0.78,,,,,,,,
AFG,Asia,Afghanistan,2021-02-16,41128772,55518,4,19.143,2428,1,2,1349.858,0.097,0.465,59.034,0.024,0.049,0.78,,,,,,,,
AFG,Asia,Afghanistan,2021-02-17,41128772,55540,22,19.714,2428,0,1.429,1350.393,0.535,0.479,59.034,0,0.035,0.79,,,,,,,,
AFG,Asia,Afghanistan,2021-02-18,41128772,55557,17,19.571,2430,2,1.571,1350.806,0.413,0.476,59.083,0.049,0.038,0.8,,,,,,,,
AFG,Asia,Afghanistan,2021-02-19,41128772,55575,18,18.571,2430,0,0.857,1351.244,0.438,0.452,59.083,0,0.021,0.81,,,,,,,,
AFG,Asia,Afghanistan,2021-02-20,41128772,55580,5,15.286,2430,0,0.429,1351.365,0.122,0.372,59.083,0,0.01,0.83,,,,,,,,
AFG,Asia,Afghanistan,2021-02-21,41128772,55604,24,16,2432,2,0.714,1351.949,0.584,0.389,59.131,0.049,0.017,0.84,,,,,,,,
AFG,Asia,Afghanistan,2021-02-22,41128772,55617,13,14.714,2433,1,0.857,1352.265,0.316,0.358,59.156,0.024,0.021,0.85,,,,,,,,
AFG,Asia,Afghanistan,2021-02-23,41128772,55646,29,18.286,2435,2,1,1352.97,0.705,0.445,59.204,0.049,0.024,0.87,,,,,,,,
AFG,Asia,Afghanistan,2021-02-24,41128772,55664,18,17.714,2436,1,1.143,1353.408,0.438,0.431,59.229,0.024,0.028,0.88,,,,,,,,
AFG,Asia,Afghanistan,2021-02-25,41128772,55680,16,17.571,2438,2,1.143,1353.797,0.389,0.427,59.277,0.049,0.028,0.89,,,,,,,,
AFG,Asia,Afghanistan,2021-02-26,41128772,55696,16,17.286,2442,4,1.714,1354.186,0.389,0.42,59.374,0.097,0.042,0.9,,,,,,,,
AFG,Asia,Afghanistan,2021-02-27,41128772,55707,11,18.143,2443,1,1.857,1354.453,0.267,0.441,59.399,0.024,0.045,0.91,,,,,,,,
AFG,Asia,Afghanistan,2021-02-28,41128772,55714,7,15.714,2443,0,1.571,1354.623,0.17,0.382,59.399,0,0.038,0.93,,,,,,,,
AFG,Asia,Afghanistan,2021-03-01,41128772,55733,19,16.571,2444,1,1.571,1355.085,0.462,0.403,59.423,0.024,0.038,0.94,,,,,,,,
AFG,Asia,Afghanistan,2021-03-02,41128772,55759,26,16.143,2446,2,1.571,1355.718,0.632,0.392,59.472,0.049,0.038,0.96,,,,,,,,
AFG,Asia,Afghanistan,2021-03-03,41128772,55770,11,15.143,2446,0,1.429,1355.985,0.267,0.368,59.472,0,0.035,0.97,,,,,,,,
AFG,Asia,Afghanistan,2021-03-04,41128772,55775,5,13.571,2446,0,1.143,1356.107,0.122,0.33,59.472,0,0.028,0.99,,,,,,,,
AFG,Asia,Afghanistan,2021-03-05,41128772,55827,52,18.714,2449,3,1,1357.371,1.264,0.455,59.545,0.073,0.024,1.01,,,,,,,,
AFG,Asia,Afghanistan,2021-03-06,41128772,55840,13,19,2449,0,0.857,1357.687,0.316,0.462,59.545,0,0.021,1.01,,,,,,,,
AFG,Asia,Afghanistan,2021-03-07,41128772,55847,7,19,2449,0,0.857,1357.857,0.17,0.462,59.545,0,0.021,1.02,,,,,,,,
AFG,Asia,Afghanistan,2021-03-08,41128772,55876,29,20.429,2451,2,1,1358.562,0.705,0.497,59.593,0.049,0.024,1.03,,,,,,,,
AFG,Asia,Afghanistan,2021-03-09,41128772,55876,0,16.714,2451,0,0.714,1358.562,0,0.406,59.593,0,0.017,1.04,,,,,,,,
AFG,Asia,Afghanistan,2021-03-10,41128772,55894,18,17.714,2451,0,0.714,1359,0.438,0.431,59.593,0,0.017,1.06,,,,,,,,
AFG,Asia,Afghanistan,2021-03-11,41128772,55917,23,20.286,2451,0,0.714,1359.559,0.559,0.493,59.593,0,0.017,1.07,,,,,,,,
AFG,Asia,Afghanistan,2021-03-12,41128772,55959,42,18.857,2454,3,0.714,1360.58,1.021,0.458,59.666,0.073,0.017,1.08,,,,,,,,
AFG,Asia,Afghanistan,2021-03-13,41128772,55959,0,17,2454,0,0.714,1360.58,0,0.413,59.666,0,0.017,1.09,,,,,,,,
AFG,Asia,Afghanistan,2021-03-14,41128772,55985,26,19.714,2457,3,1.143,1361.213,0.632,0.479,59.739,0.073,0.028,1.1,,,,,,,,
AFG,Asia,Afghanistan,2021-03-15,41128772,55985,0,15.571,2459,2,1.143,1361.213,0,0.379,59.788,0.049,0.028,1.11,,,,,,,,
AFG,Asia,Afghanistan,2021-03-16,41128772,55995,10,17,2460,1,1.286,1361.456,0.243,0.413,59.812,0.024,0.031,1.12,,,,,,,,
AFG,Asia,Afghanistan,2021-03-17,41128772,56016,21,17.429,2460,0,1.286,1361.966,0.511,0.424,59.812,0,0.031,1.14,,,,,,,,
AFG,Asia,Afghanistan,2021-03-18,41128772,56044,28,18.143,2462,2,1.571,1362.647,0.681,0.441,59.861,0.049,0.038,1.16,,,,,,,,
AFG,Asia,Afghanistan,2021-03-19,41128772,56069,25,15.714,2462,0,1.143,1363.255,0.608,0.382,59.861,0,0.028,1.18,,,,,,,,
AFG,Asia,Afghanistan,2021-03-20,41128772,56093,24,19.143,2462,0,1.143,1363.838,0.584,0.465,59.861,0,0.028,1.19,,,,,,,,
AFG,Asia,Afghanistan,2021-03-21,41128772,56103,10,16.857,2463,1,0.857,1364.082,0.243,0.41,59.885,0.024,0.021,1.2,,,,,,,,
AFG,Asia,Afghanistan,2021-03-22,41128772,56153,50,24,2464,1,0.714,1365.297,1.216,0.584,59.909,0.024,0.017,1.22,,,,,,,,
AFG,Asia,Afghanistan,2021-03-23,41128772,56177,24,26,2466,2,0.857,1365.881,0.584,0.632,59.958,0.049,0.021,1.23,,,,,,,,
AFG,Asia,Afghanistan,2021-03-24,41128772,56192,15,25.143,2466,0,0.857,1366.246,0.365,0.611,59.958,0,0.021,1.24,,,,,,,,
AFG,Asia,Afghanistan,2021-03-25,41128772,56226,34,26,2467,1,0.714,1367.072,0.827,0.632,59.982,0.024,0.017,1.25,,,,,,,,
AFG,Asia,Afghanistan,2021-03-26,41128772,56254,28,26.429,2467,0,0.714,1367.753,0.681,0.643,59.982,0,0.017,1.26,,,,,,,,
AFG,Asia,Afghanistan,2021-03-27,41128772,56290,36,28.143,2469,2,1,1368.628,0.875,0.684,60.031,0.049,0.024,1.27,,,,,,,,
AFG,Asia,Afghanistan,2021-03-28,41128772,56294,4,27.286,2470,1,1,1368.726,0.097,0.663,60.055,0.024,0.024,1.29,,,,,,,,
AFG,Asia,Afghanistan,2021-03-29,41128772,56322,28,24.143,2472,2,1.143,1369.406,0.681,0.587,60.104,0.049,0.028,1.3,,,,,,,,
AFG,Asia,Afghanistan,2021-03-30,41128772,56384,62,29.571,2476,4,1.429,1370.914,1.507,0.719,60.201,0.097,0.035,1.32,,,,,,,,
AFG,Asia,Afghanistan,2021-03-31,41128772,56454,70,37.429,2484,8,2.571,1372.616,1.702,0.91,60.396,0.195,0.063,1.33,,,,,,,,
AFG,Asia,Afghanistan,2021-04-01,41128772,56517,63,41.571,2489,5,3.143,1374.148,1.532,1.011,60.517,0.122,0.076,1.33,,,,,,,,
AFG,Asia,Afghanistan,2021-04-02,41128772,56572,55,45.429,2495,6,4,1375.485,1.337,1.105,60.663,0.146,0.097,1.33,,,,,,,,
AFG,Asia,Afghanistan,2021-04-03,41128772,56595,23,43.571,2496,1,3.857,1376.044,0.559,1.059,60.687,0.024,0.094,1.33,,,,,,,,
AFG,Asia,Afghanistan,2021-04-04,41128772,56676,81,54.571,2497,1,3.857,1378.013,1.969,1.327,60.712,0.024,0.094,1.34,,,,,,,,
AFG,Asia,Afghanistan,2021-04-05,41128772,56717,41,56.429,2508,11,5.143,1379.01,0.997,1.372,60.979,0.267,0.125,1.34,,,,,,,,
AFG,Asia,Afghanistan,2021-04-06,41128772,56779,62,56.429,2512,4,5.143,1380.518,1.507,1.372,61.076,0.097,0.125,1.34,,,,,,,,
AFG,Asia,Afghanistan,2021-04-07,41128772,56873,94,59.857,2512,0,4,1382.803,2.286,1.455,61.076,0,0.097,1.34,,,,,,,,
AFG,Asia,Afghanistan,2021-04-08,41128772,56943,70,60.857,2516,4,3.857,1384.505,1.702,1.48,61.174,0.097,0.094,1.34,,,,,,,,
AFG,Asia,Afghanistan,2021-04-09,41128772,57019,76,63.857,2521,5,3.714,1386.353,1.848,1.553,61.295,0.122,0.09,1.34,,,,,,,,
AFG,Asia,Afghanistan,2021-04-10,41128772,57144,125,78.429,2521,0,3.571,1389.392,3.039,1.907,61.295,0,0.087,1.34,,,,,,,,
AFG,Asia,Afghanistan,2021-04-11,41128772,57160,16,69.143,2521,0,3.429,1389.781,0.389,1.681,61.295,0,0.083,1.34,,,,,,,,
AFG,Asia,Afghanistan,2021-04-12,41128772,57242,82,75,2529,8,3,1391.775,1.994,1.824,61.49,0.195,0.073,1.34,,,,,,,,
AFG,Asia,Afghanistan,2021-04-13,41128772,57364,122,83.571,2529,0,2.429,1394.741,2.966,2.032,61.49,0,0.059,1.34,,,,,,,,
AFG,Asia,Afghanistan,2021-04-14,41128772,57492,128,88.429,2532,3,2.857,1397.854,3.112,2.15,61.563,0.073,0.069,1.33,,,,,,,,
AFG,Asia,Afghanistan,2021-04-15,41128772,57534,42,84.429,2533,1,2.429,1398.875,1.021,2.053,61.587,0.024,0.059,1.33,,,,,,,,
AFG,Asia,Afghanistan,2021-04-16,41128772,57612,78,84.714,2535,2,2,1400.771,1.896,2.06,61.636,0.049,0.049,1.33,,,,,,,,
AFG,Asia,Afghanistan,2021-04-17,41128772,57721,109,82.429,2539,4,2.571,1403.421,2.65,2.004,61.733,0.097,0.063,1.33,,,,,,,,
AFG,Asia,Afghanistan,2021-04-18,41128772,57793,72,90.429,2539,0,2.571,1405.172,1.751,2.199,61.733,0,0.063,1.33,,,,,,,,
AFG,Asia,Afghanistan,2021-04-19,41128772,57898,105,93.714,2546,7,2.429,1407.725,2.553,2.279,61.903,0.17,0.059,1.34,,,,,,,,
AFG,Asia,Afghanistan,2021-04-20,41128772,58037,139,96.143,2549,3,2.857,1411.105,3.38,2.338,61.976,0.073,0.069,1.34,,,,,,,,
AFG,Asia,Afghanistan,2021-04-21,41128772,58214,177,103.143,2557,8,3.571,1415.408,4.304,2.508,62.171,0.195,0.087,1.34,,,,,,,,
AFG,Asia,Afghanistan,2021-04-22,41128772,58312,98,111.143,2561,4,4,1417.791,2.383,2.702,62.268,0.097,0.097,1.34,,,,,,,,
AFG,Asia,Afghanistan,2021-04-23,41128772,58542,230,132.857,2565,4,4.286,1423.383,5.592,3.23,62.365,0.097,0.104,1.34,,,,,,,,
AFG,Asia,Afghanistan,2021-04-24,41128772,58730,188,144.143,2572,7,4.714,1427.954,4.571,3.505,62.535,0.17,0.115,1.34,,,,,,,,
AFG,Asia,Afghanistan,2021-04-25,41128772,58843,113,150,2582,10,6.143,1430.702,2.747,3.647,62.778,0.243,0.149,1.33,,,,,,,,
AFG,Asia,Afghanistan,2021-04-26,41128772,59015,172,159.571,2592,10,6.571,1434.884,4.182,3.88,63.022,0.243,0.16,1.33,,,,,,,,
AFG,Asia,Afghanistan,2021-04-27,41128772,59225,210,169.714,2598,6,7,1439.99,5.106,4.126,63.167,0.146,0.17,1.32,,,,,,,,
AFG,Asia,Afghanistan,2021-04-28,41128772,59370,145,165.143,2611,13,7.714,1443.515,3.526,4.015,63.484,0.316,0.188,1.32,,,,,,,,
AFG,Asia,Afghanistan,2021-04-29,41128772,59576,206,180.571,2618,7,8.143,1448.524,5.009,4.39,63.654,0.17,0.198,1.31,,,,,,,,
AFG,Asia,Afghanistan,2021-04-30,41128772,59745,169,171.857,2625,7,8.571,1452.633,4.109,4.179,63.824,0.17,0.208,1.31,,,,,,,,